Site,MAP,Clay,Case.ID,Year,Rainfull,Precip.pct,N1,C-M1,C-SD1,T-M1,T-SD1,N2,C-M2,C-SD2,T-M2,T-SD2,N3,C-M3,C-SD3,T-M3,T-SD3
Duolun County,385.5,16.9,IPPT_1,2006,407.7,29.4,,,,,,,,,,,4,3340,796,2733,450
Duolun County,385.5,16.9,IPPT_1,2007,198.5,60.5,,,,,,,,,,,4,3412,116,2767,414
Duolun County,385.5,16.9,IPPT_1,2012,323.4,37.1,4,329.46,72.05,490.07,52.53,4,40.32,5.63,101.1,11.39,,,,,
Duolun County,385.5,16.9,IPPT_1,2013,300.1,40,4,201.68,16.16,440.91,32.66,4,24.56,8.22,51.65,9.45,,,,,
Duolun County,385.5,16.9,IPPT_2,2005,322.8,37.2,6,378.93,51.78,421.21,56.62,6,63.68,4.44,70.56,9.56,,,,,
Duolun County,385.5,16.9,IPPT_2,2006,407.7,29.4,6,456.01,111.74,511.9,107.9,6,70.76,19.74,95.38,17.9,,,,,
Duolun County,385.5,16.9,IPPT_2,2007,198.5,60.5,6,271.27,82.74,350.84,87,6,40.77,7.55,74.99,18.87,,,,,
Duolun County,385.5,16.9,IPPT_2,2008,356.4,33.7,6,366.16,136.9,633.95,111.74,6,70.37,16.94,83.84,14.13,,,,,
Duolun County,385.5,16.9,IPPT_2,2009,196.3,61.1,6,320.37,53.74,357.63,37.53,6,50.77,11.32,114.62,24.49,,,,,
Duolun County,385.5,16.9,IPPT_2,2010,329.3,36.4,6,761.85,87.62,883.83,189.46,6,97.68,19.02,131.8,25.65,,,,,
Duolun County,385.5,16.9,IPPT_2,2012,323.4,37.1,6,288.92,20.45,318.74,29.01,6,36.12,4.04,48.6,4.04,,,,,
Duolun County,385.5,16.9,IPPT_2,2013,300.1,40,6,158.36,23.77,272.22,16.95,6,17.13,2.5,23.37,2.5,,,,,
Duolun County,385.5,17,IPPT_3,2011,186.7,96.4,4,212.58,50.73,291.32,37.36,4,32.73,4.66,34.53,1.27,,,,,
Duolun County,385.5,17,IPPT_3,2013,300.1,60,7,213.6,50.17,296.2,28.33,7,30.9,7.85,34.4,1.84,7,41.08,8.49,55.21,3.26
Duolun County,385.5,17,IPPT_4,2005,322.8,37.2,5,219.35,52.78,241.7,34.13,,,,,,,,,,
Duolun County,385.5,17,IPPT_5,2007,198.5,60.5,5,138,10.51,165,5.14,,,,,,,,,,
Duolun County,385.5,17,IPPT_6,2009,196.3,61.1,5,223.7,45.84,285.3,46.06,5,102.3,34.66,109.2,16.77,,,,,
Duolun County,385.5,17,IPPT_7,2010,329.3,36.4,,,,,,,,,,,,,,,
Xilin River Basin,343,21,IPPT_8,2011,231.7,43.2,5,294.43,86.27,470.01,139.33,,,,,,,,,,
Xilin River Basin,343,21,IPPT_9,2011,231.7,43.2,,,,,,,,,,,6,31.13,5.13,37.43,3.77
Maodeng Grassland Ecological Research Station,346,,IPPT_10,2015,237.8,50.5,4,295.58,57.67,531.63,37.21,4,14.54,4.92,49.75,5.33,4,10,1,12.79,1.28
Fukang Station of Desert Ecology,167.4,1.5,IPPT_11,2011,167.4,25.5,6,280.06,106,460.94,32.16,6,38.37,20.07,68.02,12.58,6,3.1,1.2,7.5,1.7
Fukang Station of Desert Ecology,167.4,1.5,IPPT_11,2011,167.4,25.5,6,353.48,158.4,529.98,127.44,6,54.75,14.98,78.75,18.8,6,10.8,0.8,11.2,3.2
Fukang Station of Desert Ecology,167.4,1.5,IPPT_11,2012,102,25.5,6,698.22,106,892.22,84.56,6,85.96,19.93,114.06,25.01,6,18.7,1.5,36.8,1.6
Fukang Station of Desert Ecology,167.4,1.5,IPPT_11,2012,102,25.5,6,879.09,136.96,1301.62,253.68,6,97.67,18.8,123.75,42.68,6,33.4,3.1,35.1,1.2
Fukang Station of Desert Ecology,167.4,1.5,IPPT_11,2012,102,25.5,6,890.96,143.62,808.96,96.11,6,66.81,20.13,58.27,16.28,,,,,
Fukang Station of Desert Ecology,167.4,1.5,IPPT_11,2013,133.7,25.5,6,465.32,32.16,680.71,106,6,42.98,18.8,82.85,2.54,6,4.4,0.5,6.5,0.2
Fukang Station of Desert Ecology,167.4,1.5,IPPT_11,2013,133.7,25.5,6,607.78,84.56,745.38,169.12,6,52.15,15.12,72.63,13.85,6,15.6,0.6,19.4,2.9
Fukang Station of Desert Ecology,167.4,1.5,IPPT_11,2013,133.7,25.5,6,769.73,153.34,609.7,181.42,6,54.44,20.91,41.16,16.28,,,,,
Fukang Station of Desert Ecology,167.4,1.5,IPPT_11,2013,133.7,25.5,6,473.03,124.18,672.3,210.57,6,37.98,12.43,60.16,8.49,,,,,
Fukang Station of Desert Ecology,167.4,1.5,IPPT_11,2013,133.7,25.5,6,465.1,114.47,680.24,191.14,6,42.41,15.58,81.38,6.91,,,,,
Fukang Station of Desert Ecology,167.4,1.5,IPPT_12,2011,167.4,12.8,6,284.1,77.69,403.72,117.65,6,36.71,19.55,46.15,14.6,6,2.6,0.49,6.5,0.49
Fukang Station of Desert Ecology,167.4,1.5,IPPT_12,2011,167.4,12.8,6,339.83,147.61,495.7,166.48,6,54.08,13.49,58.07,32.77,6,8.8,1.71,11,0.98
Fukang Station of Desert Ecology,167.4,1.5,IPPT_12,2012,102,12.8,6,700.05,136.51,751.7,391.79,6,85.39,24.23,98.76,53.42,6,18,3.92,29.9,16.41
Fukang Station of Desert Ecology,167.4,1.5,IPPT_12,2012,102,12.8,6,871.77,294.12,1083.82,342.95,6,97.75,15.83,103.71,55.9,6,23.4,1.47,29.5,3.43
Fukang Station of Desert Ecology,167.4,1.5,IPPT_12,2013,133.7,12.8,6,455.82,29.97,608.07,274.14,6,42.66,14.6,46.15,19.41,6,4,0.98,6.4,2.69
Fukang Station of Desert Ecology,167.4,1.5,IPPT_12,2013,133.7,12.8,6,595.83,97.67,652.02,166.48,6,52.11,21.89,53.12,9.64,6,14.6,1.47,14.9,0.49
Fukang Station of Desert Ecology,167.4,1.5,IPPT_13 (last version was IPPT_12),2011,167.4,25.5,6,284.1,77.69,459.9,19.98,6,36.71,19.55,65.99,11.02,6,2.6,0.49,7,0.98
Fukang Station of Desert Ecology,167.4,1.5,IPPT_13 (last version was IPPT_12),2011,167.4,25.5,6,339.83,147.61,527.87,137.62,6,54.08,13.49,77.4,18.31,6,8.8,1.71,10.6,0.98
Fukang Station of Desert Ecology,167.4,1.5,IPPT_13 (last version was IPPT_12),2012,102,25.5,6,700.05,136.51,891.71,196.45,6,85.39,24.23,114.17,19.41,6,18,3.92,35.5,5.39
Fukang Station of Desert Ecology,167.4,1.5,IPPT_13 (last version was IPPT_12),2012,102,25.5,6,871.77,294.12,1295.88,685.9,6,97.75,15.83,124.06,38.97,6,23.4,1.47,32.6,6.86
Fukang Station of Desert Ecology,167.4,1.5,IPPT_13 (last version was IPPT_12),2013,133.7,25.5,6,455.82,29.97,679.66,98.78,6,42.66,14.6,81.9,2.34,6,4,0.98,6.1,0.73
Fukang Station of Desert Ecology,167.4,1.5,IPPT_13 (last version was IPPT_12),2013,133.7,25.5,6,595.83,97.67,744,126.53,6,52.11,21.89,72.96,19.41,6,14.6,1.47,17,4.65
Nagqu county,620,,IPPT_14,2013,,16,,,,,,,,,,,,,,,
Nagqu county,620,,IPPT_15,2013,,16,,,,,,,,,,,,,,,
Bange county,300,,IPPT_16,2013,,16,,,,,,,,,,,,,,,
Hulunbeier,329,,IPPT_17,2012,,30.4,6,489.83,28.47,604.23,28.47,6,36.89,1.42,60.18,5.59,,,,,
Hulunbeier,329,,IPPT_17,2013,,30.4,,,,,,,,,,,,,,,
Big Bend National Park,365,8,IPPT_18,2002,343.9,7.6,24,181.94,170.46,232.24,189.97,,,,,,,,,,
Big Bend National Park,365,8,IPPT_18,2002,343.9,7.6,24,181.94,170.46,278.78,360.43,,,,,,,,,,
Big Bend National Park,365,8,IPPT_18,2002,343.9,7.6,24,181.94,170.46,271.02,340.92,,,,,,,,,,
Big Bend National Park,365,8,IPPT_18,2002,343.9,7.6,24,185.92,170.46,170.41,170.46,,,,,,,,,,
Big Bend National Park,365,8,IPPT_18,2002,343.9,7.6,24,185.92,170.46,208.98,151.98,,,,,,,,,,
Big Bend National Park,365,8,IPPT_18,2002,343.9,7.6,24,185.92,170.46,208.98,189.97,,,,,,,,,,
Big Bend National Park,365,8,IPPT_18,2003,416.1,10.8,24,174.18,189.97,178.17,208.45,,,,,,,,,,
Big Bend National Park,365,8,IPPT_18,2003,416.1,10.8,24,158.67,151.98,197.45,189.97,,,,,,,,,,
Big Bend National Park,365,8,IPPT_18,2004,573.8,8.3,24,154.9,208.45,166.43,151.98,,,,,,24,32.37,17.05,31.42,14.65
Big Bend National Park,365,8,IPPT_18,2004,573.8,8.3,24,174.18,189.97,193.68,188.94,,,,,,24,27.09,15.19,30.67,13.77
Big Bend National Park,365,8,IPPT_18,2005,324.2,11,24,212.96,284.44,305.82,492.89,,,,,,24,19.57,22.44,39.93,20.48
Big Bend National Park,365,8,IPPT_18,2006,271.5,4.7,24,708.47,720.86,584.59,606.87,,,,,,24,31.29,8.62,36.66,14.35
Big Bend National Park,365,8,IPPT_18,2006,271.5,4.7,24,216.73,341.94,371.63,777.33,,,,,,24,43.32,20.04,38.96,14.26
Big Bend National Park,365,8,IPPT_19,2003,416.1,12.5,24,174.18,189.97,166.43,171.49,,,,,,,,,,
Big Bend National Park,365,8,IPPT_19,2003,416.1,12.5,24,158.67,151.98,120.1,132.46,,,,,,,,,,
Big Bend National Park,365,8,IPPT_19,2004,573.8,9.5,24,154.9,208.45,201.43,226.94,,,,,,24,32.37,17.05,34.98,12.88
Big Bend National Park,365,8,IPPT_19,2004,573.8,9.5,24,174.18,189.97,263.27,588.39,,,,,,24,27.09,15.19,37.36,25.47
Big Bend National Park,365,8,IPPT_19,2005,324.2,17.1,24,259.49,454.9,704.49,1327.73,,,,,,24,36.53,17,40.94,15.33
Big Bend National Park,365,8,IPPT_19,2005,324.2,17.1,24,212.96,284.44,290.31,492.89,,,,,,24,19.57,22.44,40.31,27.48
Big Bend National Park,365,8,IPPT_19,2006,271.5,6,24,708.47,720.86,1196.23,1611.14,,,,,,24,31.29,8.62,40.27,10.63
Big Bend National Park,365,8,IPPT_19,2006,271.5,6,24,216.73,341.94,286.53,530.89,,,,,,24,43.32,20.04,43.05,12.2
Jasper Ridge Global Change Experiment,787,15,IPPT_20,2001,573.6,50,,,,,,,,,,,8,32.76,12.67,35.26,7
Jasper Ridge Global Change Experiment,787,15,IPPT_20,2002,596.8,50,,,,,,,,,,,8,48.27,10.22,47.19,6.98
Jasper Ridge Global Change Experiment,787,15,IPPT_20,2003,765.2,50,,,,,,,,,,,8,32.51,9.29,34,7.6
Jasper Ridge Global Change Experiment,787,15,IPPT_20,2004,548.5,50,,,,,,,,,,,6,19.14,7.09,19.85,5.84
Jasper Ridge Global Change Experiment,787,15,IPPT_20,2005,946.3,50,,,,,,,,,,,6,37.95,9.36,38.81,7.04
Jasper Ridge Global Change Experiment,787,15,IPPT_20,2006,988,50,,,,,,,,,,,6,31.25,6.8,34.54,6.85
Rhone Valley,660,,IPPT_21,2012,656,84.1,,,,,,,,,,,4,110.35,13.31,127.56,21.41
Nature reserve of Castanopsis,1749,15.1,DPPT_1,2013,,-30,,,,,,,,,,,6,19.14,4.05,13.81,5.52
Nature reserve of Castanopsis,1749,15.1,DPPT_1,2014,,-30,,,,,,,,,,,6,16.67,11.95,18.17,9.19
Nature reserve of Castanopsis,1749,15.1,DPPT_1,2014,,-30,,,,,,,,,,,6,22.29,9.21,18.32,2.2
Nature reserve of Castanopsis,1749,15.1,DPPT_2,2013,,-60,,,,,,,,,,,6,19.14,4.05,13.59,6.99
Nature reserve of Castanopsis,1749,15.1,DPPT_2,2014,,-60,,,,,,,,,,,6,16.67,11.95,21.39,14.52
Nature reserve of Castanopsis,1749,15.1,DPPT_2,2014,,-60,,,,,,,,,,,6,22.29,9.21,16.89,6.08
Experimental Center of Tropical Forestry,1350,,DPPT_3,2014,1778.8,-36.8,3,617.19,36.9,368.13,59.54,3,86.08,14.93,79.12,14.42,3,20.28,2.92,27.04,2.92
Experimental Center of Tropical Forestry,1350,,DPPT_3,2014,1778.8,-41.2,3,781.61,138.25,752.59,305.9,3,136.69,33.96,161.84,24.58,3,41.41,7.82,33.24,7.82
Experimental Center of Tropical Forestry,1350,,DPPT_4,2014,1778.8,-36.8,3,460.8,59.54,565.2,129.98,3,74.13,6.45,86.08,6.45,3,30.41,7.82,25.36,5.34
Experimental Center of Tropical Forestry,1350,,DPPT_4,2014,1778.8,-41.2,3,775.08,106.32,514.91,215.18,3,192.1,29.55,116.51,27.71,3,43.38,12.22,42.24,18.05
Baotianman Nature Reserve,894,,DPPT_5,2012,,-41.2,3,401.47,36.62,649.66,133.12,3,112.67,14.77,185.52,37.51,,,,,
Baotianman Nature Reserve,894,,DPPT_5,2013,,-41.2,3,633.42,57.77,563.88,115.54,3,115.78,15.18,114.6,23.17,3,39.95,10.7,52.3,14.63
Baotianman Nature Reserve,894,,DPPT_5,2013,,-41.2,,,,,,,,,,,3,56,5.14,52.82,12.1
Cedar Creek Ecosystem Science Reserve,660,2.5,DPPT_6,2010,692.7,-31.5,6,458,78.38,428,120.02,,,,,,,,,,
Cedar Creek Ecosystem Science Reserve,660,2.5,DPPT_6,2012,678.8,-28.9,6,417.32,135.34,229.38,20.97,,,,,,,,,,
Cedar Creek Ecosystem Science Reserve,660,2.5,DPPT_6,2013,616,-28.9,6,164.88,45.59,175.77,38.28,,,,,,,,,,
Cedar Creek Ecosystem Science Reserve,660,2.5,DPPT_6,2014,758.4,-28.9,6,250.63,112.2,109.68,17.64,,,,,,,,,,
Cedar Creek Ecosystem Science Reserve,660,2.5,DPPT_6,2015,,-29.6,6,181.52,147.08,129.28,59.94,,,,,,,,,,
Luquillo Experimental Forest,3500,,DPPT_7,2009,,-17.1,,,,,,,,,,,5,707.6,382.45,415.2,194.64
Central Plains Experimental Range,341,,DPPT_8,2009,441.8,-57.2,4,187.4,65.6,137.61,17,4,21.38,7.2,21.12,15.8,,,,,
Central Plains Experimental Range,341,,DPPT_9,2009,441.8,-37.9,4,187.4,65.6,165.59,58,4,21.38,7.2,34.77,24.8,,,,,
Prades Mountains,658,,DPPT_10,2008,,-30,4,843,338,578,500,,,,,,,,,,
Prades Mountains,658,,DPPT_10,2008,,-30,4,737,546,673,448,,,,,,,,,,
Garraf Mountains,580,,DPPT_11,2008,,-55.5,3,308,29.44,266,91.8,,,,,,,,,,
Garraf Mountains,580,,DPPT_11,2008,,-55.5,3,529,122.98,451,116.05,,,,,,,,,,
Yeste,503,,DPPT_12,2015,,-50,,,,,,,,,,,3,32.44,2.3,28.62,4.06
Yeste,503,,DPPT_12,2015,,-50,,,,,,,,,,,3,24.68,2.04,17.28,4.61
Yeste,503,,DPPT_13,2015,,-50,,,,,,,,,,,3,46.48,3.38,33.67,2.56
Yeste,503,,DPPT_13,2015,,-50,,,,,,,,,,,3,17.68,1.51,7.79,2.08
Yeste,503,,DPPT_14,2011,427,-15,6,1067.96,305.06,1293.61,391.98,,,,,,,,,,
Calasparra,282,,DPPT_15,2011,240,-15,6,722.88,224,754.55,223.03,,,,,,,,,,
Schorfheide-Chorin,550,,DPPT_16,2012,543.1,-32.5,,,,,,,,,,,,,,,
Schorfheide-Chorin,550,,DPPT_17,2012,543.1,-32.5,,,,,,,,,,,,,,,
Schorfheide-Chorin,550,,DPPT_18,2012,543.1,-32.5,,,,,,,,,,,,,,,
Hainich Dün,650,,DPPT_19,2012,500.8,-35.6,,,,,,,,,,,,,,,
Hainich Dün,650,,DPPT_20,2012,500.8,-35.6,,,,,,,,,,,,,,,
Hainich Dün,650,,DPPT_21,2012,500.8,-35.6,,,,,,,,,,,,,,,
Schwäbische Alb,850,,DPPT_22,2012,939.7,-23.2,,,,,,,,,,,,,,,
Schwäbische Alb,850,,DPPT_23,2012,939.7,-23.2,,,,,,,,,,,,,,,
Schwäbische Alb,850,,DPPT_24,2012,939.7,-23.2,,,,,,,,,,,,,,,
Mols,758,,DPPT_25,2012,,-14.2,,,,,,,,,,,3,361,103.4,493,159.18
Kiskunság,512.1,,DPPT_26,2012,,-24.2,,,,,,,,,,,3,85,32.56,55,6.58
Capo Caccia,451.3,,DPPT_27,2012,,-15.6,,,,,,,,,,,3,197,6.93,213,36.72
Oldebroek,1042,,DPPT_28,2012,,-16.9,,,,,,,,,,,3,204,5.37,180,51.44
Clocoaenog,1741,,DPPT_29,2012,,-10.2,,,,,,,,,,,3,1531,527.06,1079,350.39
John Bruce Pye Farm,692,35,DPPT_30,2015,693,-50,,,,,,,,,,,12,110.1,22.12,104.92,14.65
John Bruce Pye Farm,692,35,DPPT_30,2015,693,-50,,,,,,,,,,,12,100.21,14.74,101.62,13.91
John Bruce Pye Farm,692,35,DPPT_30,2015,693,-50,4,787.35,243.5,732.4,195.08,4,101.57,33.2,92.36,28,,,,,
John Bruce Pye Farm,692,35,DPPT_30,2016,820,-50,4,831.48,234.23,674.7,191.64,4,116.69,42.39,98.99,29.5,,,,,
Duolun County,385.5,16.9,IPPT_22,2011,186.7,14,6,239.08,57.79,246.58,115.58,,,,,,,,,,
Duolun County,385.5,16.9,IPPT_22,2012,323.4,14,6,239.08,57.79,258.44,57.79,,,,,,,,,,
Duolun County,385.5,16.9,DPPT_31,2011,186.7,-42,6,239.08,57.79,200.48,36.75,,,,,,,,,,
Duolun County,385.5,16.9,DPPT_31,2012,323.4,-42,6,239.08,57.79,226.26,52.46,,,,,,,,,,
Duolun County,385.5,16.9,IPPT_23,2011,186.7,28,6,239.08,57.79,288.45,84.17,,,,,,,,,,
Duolun County,385.5,16.9,IPPT_23,2012,323.4,28,6,239.08,57.79,290.62,23.41,,,,,,,,,,
Duolun County,385.5,16.9,DPPT_32,2011,186.7,-28,6,239.08,57.79,206.9,60.46,,,,,,,,,,
Duolun County,385.5,16.9,DPPT_32,2012,323.4,-28,6,239.08,57.79,237.99,55.12,,,,,,,,,,
Duolun County,385.5,16.9,IPPT_24,2011,186.7,42,6,239.08,57.79,275.62,62.83,,,,,,,,,,
Duolun County,385.5,16.9,IPPT_24,2012,323.4,42,6,239.08,57.79,242.35,63.13,,,,,,,,,,
Duolun County,385.5,16.9,DPPT_33,2011,186.7,-14,6,239.08,57.79,233.76,10.37,,,,,,,,,,
Duolun County,385.5,16.9,DPPT_33,2012,323.4,-14,6,239.08,57.79,252.99,52.75,,,,,,,,,,
Dinghushan Nature Reserve,1956,29.2,IPPT_25,2007,,100,3,494.6,51.2,569.51,61.36,,,,,,,,,,
Dinghushan Nature Reserve,1956,29.2,IPPT_25,2007,,100,3,611.19,93.36,609,54.37,,,,,,,,,,
Dinghushan Nature Reserve,1956,29.2,IPPT_25,2008,,100,3,204.09,13.64,223.09,20.94,,,,,,,,,,
Dinghushan Nature Reserve,1956,29.2,DPPT_34,2007,,-100,3,494.6,51.2,382.23,61.55,,,,,,,,,,
Dinghushan Nature Reserve,1956,29.2,DPPT_34,2007,,-100,3,611.19,93.36,503.39,38.78,,,,,,,,,,
Dinghushan Nature Reserve,1956,29.2,DPPT_34,2008,,-100,3,204.09,13.64,84.79,25.59,,,,,,,,,,
Dinghushan Nature Reserve2,1956,28,IPPT_26,2007,,100,3,336.88,37.7,378.28,34.19,,,,,,,,,,
Dinghushan Nature Reserve2,1956,28,IPPT_26,2007,,100,3,386.45,46.79,413.47,50.58,,,,,,,,,,
Dinghushan Nature Reserve2,1956,28,IPPT_26,2008,,100,3,143.42,53.72,135.19,25.68,,,,,,,,,,
Dinghushan Nature Reserve2,1956,28,DPPT_35,2007,,-100,3,336.88,37.7,208.83,54.71,,,,,,,,,,
Dinghushan Nature Reserve2,1956,28,DPPT_35,2007,,-100,3,386.45,46.79,242.63,42.99,,,,,,,,,,
Dinghushan Nature Reserve2,1956,28,DPPT_35,2008,,-100,3,143.42,53.72,57.27,0.16,,,,,,,,,,
Dinghushan Nature Reserve3,1956,21.2,IPPT_27,2007,,100,3,279.79,37.52,342.86,44.36,,,,,,,,,,
Dinghushan Nature Reserve3,1956,21.2,IPPT_27,2007,,100,3,298.84,50.58,359.56,50.58,,,,,,,,,,
Dinghushan Nature Reserve3,1956,21.2,IPPT_27,2008,,100,3,75.95,24.36,83.87,12.64,,,,,,,,,,
Dinghushan Nature Reserve3,1956,21.2,DPPT_36,2007,,-100,3,279.79,37.52,177.35,44.36,,,,,,,,,,
Dinghushan Nature Reserve3,1956,21.2,DPPT_36,2007,,-100,3,298.84,50.58,208.92,35.2,,,,,,,,,,
Dinghushan Nature Reserve3,1956,21.2,DPPT_36,2008,,-100,3,75.95,24.36,58.81,11.22,,,,,,,,,,
Saihanba,454.2,,IPPT_28,2007,,24,6,220.42,60.19,280.98,33.65,,,,,,,,,,
Saihanba,454.2,,IPPT_28,2007,,24,6,223.61,63.04,248.69,48.98,,,,,,,,,,
Saihanba,454.2,,IPPT_28,2007,,24,6,231.73,79.78,263.2,70.15,,,,,,,,,,
Saihanba,454.2,,IPPT_28,2007,,24,6,237.38,53.24,284.27,43.45,,,,,,,,,,
Saihanba,454.2,,IPPT_28,2007,,24,6,226.07,18.17,260,37.76,,,,,,,,,,
Saihanba,454.2,,DPPT_37,2007,,-24,6,223.61,63.04,353.77,84.05,,,,,,,,,,
Saihanba,454.2,,DPPT_37,2007,,-24,6,220.42,60.19,280.16,65.88,,,,,,,,,,
Saihanba,454.2,,DPPT_37,2007,,-24,6,231.73,79.78,244.59,56.08,,,,,,,,,,
Saihanba,454.2,,DPPT_37,2007,,-24,6,237.38,53.24,308.53,64.3,,,,,,,,,,
Saihanba,454.2,,DPPT_37,2007,,-24,6,226.07,18.17,250.24,43.45,,,,,,,,,,
Daqinggou Ecological Station,452,4.1,IPPT_29,2014,307.9,20,,,,,,3,3.9,0.7,6.96,1.26,,,,,
Daqinggou Ecological Station,452,4.1,IPPT_29,2014,307.9,20,,,,,,3,10.76,2.66,14.76,1.24,,,,,
Daqinggou Ecological Station,452,4.1,IPPT_29,2014,307.9,20,,,,,,3,9.95,3,15.68,1.78,,,,,
Daqinggou Ecological Station,452,4.1,IPPT_29,2014,307.9,20,,,,,,3,6.05,0.52,10.86,2.84,,,,,
Daqinggou Ecological Station,452,4.1,IPPT_29,2015,465.8,20,,,,,,3,10.04,1.24,15.79,1.24,,,,,
Daqinggou Ecological Station,452,4.1,IPPT_29,2015,465.8,20,,,,,,3,29.93,2.48,38.44,3.73,,,,,
Daqinggou Ecological Station,452,4.1,IPPT_29,2015,465.8,20,,,,,,3,6.66,1.24,19.16,1.42,,,,,
Daqinggou Ecological Station,452,4.1,IPPT_29,2015,465.8,20,,,,,,3,20.09,2.84,28.08,2.32,,,,,
Daqinggou Ecological Station,452,4.1,IPPT_29,2015,465.8,20,,,,,,3,9.84,1.76,26.65,2.84,,,,,
Daqinggou Ecological Station,452,4.1,DPPT_38,2014,307.9,-24.6,,,,,,3,3.9,0.7,2.26,0.52,,,,,
Daqinggou Ecological Station,452,4.1,DPPT_38,2014,307.9,-24.6,,,,,,3,10.76,2.66,6.66,1.6,,,,,
Daqinggou Ecological Station,452,4.1,DPPT_38,2014,307.9,-24.6,,,,,,3,9.95,3,5.44,2.64,,,,,
Daqinggou Ecological Station,452,4.1,DPPT_38,2014,307.9,-24.6,,,,,,3,6.05,0.52,4.71,0.54,,,,,
Daqinggou Ecological Station,452,4.1,DPPT_38,2015,465.8,-24.6,,,,,,3,10.04,1.24,9.02,0.88,,,,,
Daqinggou Ecological Station,452,4.1,DPPT_38,2015,465.8,-24.6,,,,,,3,29.93,2.48,22.03,3.21,,,,,
Daqinggou Ecological Station,452,4.1,DPPT_38,2015,465.8,-24.6,,,,,,3,6.66,1.24,4.09,0.72,,,,,
Daqinggou Ecological Station,452,4.1,DPPT_38,2015,465.8,-24.6,,,,,,3,20.09,2.84,10.86,2.84,,,,,
Daqinggou Ecological Station,452,4.1,DPPT_38,2015,465.8,-24.6,,,,,,3,9.84,1.76,6.66,1.06,,,,,
Bifengxia,1772.2,,IPPT_30,2014,,10,3,645.28,49.88,531.72,58.03,3,53.41,5.61,41.36,4.95,,,,,
Bifengxia,1772.2,,DPPT_39,2014,,-10,3,645.28,49.88,683.86,77.48,3,53.41,5.61,58.14,6.47,,,,,
Bifengxia,1772.2,,DPPT_40,2014,,-5,3,645.28,49.88,650.91,42.13,3,53.41,5.61,52.51,4.28,,,,,
Bifengxia,1772.2,,DPPT_41,2014,,-20,3,645.28,49.88,581.85,42.13,3,53.41,5.61,48.2,3.19,,,,,
Bifengxia,1772.2,,DPPT_42,2014,,-50,3,645.28,49.88,512.41,42.13,3,53.41,5.61,42.67,2.71,,,,,
Haibei Alpine Grassland Ecosystem Research Station,485,,IPPT_31,2011,,42,,,,,,,,,,,,,,,
Haibei Alpine Grassland Ecosystem Research Station,485,,IPPT_31,2013,,42,,,,,,6,52.63,5.22,56.99,7.13,,,,,
Haibei Alpine Grassland Ecosystem Research Station,485,,DPPT_43,2011,,-42,,,,,,,,,,,,,,,
Haibei Alpine Grassland Ecosystem Research Station,485,,DPPT_43,2013,,-42,,,,,,6,52.63,5.22,46.64,6.54,,,,,
Changbai Mountain,695,3.3,IPPT_32,2009,,22.5,,,,,,6,35.34,2.77,41.31,6.76,,,,,
Changbai Mountain,695,3.3,DPPT_44,2009,,-22.5,,,,,,6,35.34,2.77,31.25,2.55,,,,,
Changbai Mountain,775,3.3,IPPT_33,2009,,22.5,,,,,,6,26.85,0.91,45.19,4.83,,,,,
Changbai Mountain,775,3.3,DPPT_45,2009,,-22.5,,,,,,6,26.85,0.91,22.52,4.29,,,,,
Changbai Mountain,700,3.3,IPPT_34,2011,,25.5,3,953.4,157.1,1046.7,234.4,3,102.1,10.4,134.1,26.9,,,,,
Changbai Mountain,700,3.3,DPPT_46,2011,,-25.5,3,953.4,157.1,842.4,141.9,3,102.1,10.4,89,9.84,,,,,
Qilian Country,409,,IPPT_35,2009,,15.9,9,1101.78,327.43,1332.13,323.24,9,146.69,61.74,151.58,52.13,,,,,
Qilian Country,409,,DPPT_47,2009,,-20.1,9,1101.78,327.43,1243.75,715.52,9,146.69,61.74,132.33,72.71,,,,,
Loma Ridge Global Change Experiment,281,7.1,IPPT_36,2012,248,31.1,,,,,,,,,,,6,88.29,15.07,87.21,10.05
Loma Ridge Global Change Experiment,281,7.1,DPPT_48,2011,540,-60.6,32,607.84,487.25,288.75,414.62,,,,,,,,,,
Loma Ridge Global Change Experiment,281,7.1,DPPT_48,2011,540,-60.6,32,129.32,194.11,60.22,170.34,,,,,,,,,,
Loma Ridge Global Change Experiment,281,7.1,DPPT_48,2011,540,-60.6,32,797.39,536.11,741.36,682.68,,,,,,,,,,
Loma Ridge Global Change Experiment,281,7.1,DPPT_48,2012,248,-44.4,,,,,,,,,,,6,88.29,15.07,83.63,14.07
Loma Ridge Global Change Experiment,281,7.1,IPPT_37,2012,248,31.1,,,,,,,,,,,6,63.93,13.51,59.99,9.37
Loma Ridge Global Change Experiment,281,7.1,DPPT_49,2012,248,-44.4,,,,,,,,,,,6,63.93,13.51,50.88,6.26
Sevilleta National Wildlife Refuge ,368,,IPPT_38,2009,316.7,18,,,,,,6,331.1,113.08,441.64,163.75,,,,,
Sevilleta National Wildlife Refuge ,368,,DPPT_50,2009,316.7,-50,,,,,,6,308.08,101,243.7,122.14,,,,,
Rutgers University Pinelands Field Station,1159,,IPPT_39,2006,,100,4,378,50,316,70,,,,,,,,,,
Rutgers University Pinelands Field Station,1159,,IPPT_39,2007,,100,4,232,76,281,36,,,,,,,,,,
Rutgers University Pinelands Field Station,1159,,IPPT_39,2007,,100,4,352,112,300,76,,,,,,,,,,
Rutgers University Pinelands Field Station,1159,,IPPT_39,2007,,100,4,263,60,281,92,,,,,,,,,,
Rutgers University Pinelands Field Station,1159,,IPPT_39,2008,,100,4,178,78,155,36,,,,,,,,,,
Rutgers University Pinelands Field Station,1159,,IPPT_39,2008,,100,4,154,82,200,32,,,,,,,,,,
Rutgers University Pinelands Field Station,1159,,DPPT_51,2006,,-100,4,378,50,338,78,,,,,,,,,,
Rutgers University Pinelands Field Station,1159,,DPPT_51,2007,,-100,4,232,76,213,62,,,,,,,,,,
Rutgers University Pinelands Field Station,1159,,DPPT_51,2007,,-100,4,352,112,233,84,,,,,,,,,,
Rutgers University Pinelands Field Station,1159,,DPPT_51,2007,,-100,4,263,60,214,82,,,,,,,,,,
Rutgers University Pinelands Field Station,1159,,DPPT_51,2008,,-100,4,178,78,119,198,,,,,,,,,,
Rutgers University Pinelands Field Station,1159,,DPPT_51,2008,,-100,4,154,82,223,102,,,,,,,,,,
Suburban Experiment Station,1194,9,IPPT_40,2008,,25,3,576.72,125.64,595.66,120.69,,,,,,,,,,
Suburban Experiment Station,1194,9,IPPT_40,2009,,25,3,4012.79,2201.61,4851.66,823.94,,,,,,,,,,
Suburban Experiment Station,1194,9,IPPT_40,2009,,25,3,245.54,97.06,388.18,425.65,,,,,,,,,,
Suburban Experiment Station,1194,9,DPPT_52 (last version was DPPT_53),2008,,-50,3,576.72,125.64,516.33,115.12,,,,,,,,,,
Suburban Experiment Station,1194,9,DPPT_52 (last version was DPPT_53),2009,,-50,3,4012.79,2201.61,3196.93,2042.14,,,,,,,,,,
Suburban Experiment Station,1194,9,DPPT_52 (last version was DPPT_53),2009,,-50,3,245.54,97.06,350.28,147.18,,,,,,,,,,
Grounds of Korea University,1450.5,14,IPPT_41,2014,808.9,30,3,358.06,143.22,268.94,107.58,3,48.12,8.66,39.65,7.14,,,,,
Grounds of Korea University,1450.5,14,DPPT_53,2014,808.9,-30,3,358.06,143.22,309.71,123.88,3,48.12,8.66,37.1,6.68,,,,,